file,fov,b1_result,b1_fail_ms,b2_result,b2_fail_ms,b2_success_ms,b2_class
BCodeMILNG_20260814214649453.bmp,333x345,0,71 104 59 79,0,96 289 93 266,,NG_TIMEOUT_SUSPECT
BCodeMILNG_20260814214817436.bmp,333x345,0,71 101 54 68,1,100,64,OK
BCodeMILNG_20260814215232119.bmp,333x345,0,79 116 67 87,0,104 302 102 139,,NG_TIMEOUT_SUSPECT
BCodeMILNG_20260814215502761.bmp,333x345,0,73 108 63 84,1,94 300 99,223,OK_MARGINAL
BCodeMILNG_20260814220527474.bmp,333x345,0,73 108 56 81,1,173,174,OK
BCodeMILNG_20260814220656706.bmp,333x345,0,77 97 62 73,0,91 291 85 105,,NG_TIMEOUT_SUSPECT
BCodeMILNG_20260814220857105.bmp,333x345,0,73 111 60 79,1,94,197,OK
BCodeMILNG_20260814222139071.bmp,333x345,0,83 142 68 97,0,99 300 97 292,,NG_TIMEOUT_SUSPECT
BCodeMILNG_20260814222516802.bmp,333x345,0,74 105 68 89,0,95 279 93 263,,NG_TIMEOUT_SUSPECT
BCodeMILNG_20260814225341757.bmp,333x345,0,84 139 60 85,1,96,175,OK
BCodeMILNG_20260814225400339.bmp,333x345,0,64 103 64 77,0,91 275 91 127,,NG_TIMEOUT_SUSPECT
BCodeMILNG_20260814225439081.bmp,333x345,0,76 115 63 86,0,92 282 92 269,,NG_TIMEOUT_SUSPECT
BCodeMILNG_20260814225733297.bmp,333x345,0,70 103 64 80,1,98,204,OK_MARGINAL
BCodeMILNG_20260814231421493.bmp,333x345,0,69 96 68 73,1,93 268 100,66,OK
BCodeMILNG_20260814231651447.bmp,333x345,0,74 116 62 85,1,88,11,OK
BCodeMILNG_20260815001349691.bmp,333x345,0,63 91 63 79,0,89 255 124 301,,NG_TIMEOUT_SUSPECT
BCodeMILNG_20260815011111892.bmp,333x345,0,75 115 65 83,1,88,194,OK
BCodeMILNG_20260815011909029.bmp,333x345,0,78 118 73 95,0,91 270 95 125,,NG_TIMEOUT_SUSPECT
BCodeMILNG_20260815013034904.bmp,333x345,0,71 104 64 116,0,93 263 94 230,,NG_TIMEOUT_SUSPECT
BCodeMILNG_20260815013705870.bmp,333x345,0,78 125 71 91,1,93,111,OK
BCodeMILNG_20260815040427836.bmp,333x345,0,71 101 60 79,0,97 277 105 136,,NG_TIMEOUT_SUSPECT
BCodeMILNG_20260815045727423.bmp,333x345,0,67 95 66 83,0,150 292 116 301,,NG_TIMEOUT_SUSPECT
BCodeMILNG_20260815050304389.bmp,333x345,0,70 97 63 81,1,95 263 98,151,OK
BCodeMILNG_20260815050355160.bmp,333x345,0,78 137 63 86,0,101 298 92 272,,NG_TIMEOUT_SUSPECT
BCodeMILNG_20260815050418817.bmp,333x345,0,67 95 64 96,1,97 282 97,79,OK
BCodeMILNG_20260815053445986.bmp,333x345,0,66 93 61 82,0,101 256 95 243,,NG_TIMEOUT_SUSPECT
BCodeMILNG_20260815054154347.bmp,333x345,0,75 107 64 84,0,96 274 115 281,,NG_TIMEOUT_SUSPECT
BCodeMILNG_20260815054334772.bmp,333x345,0,61 85 59 74,0,168 244 96 264,,NG_TIMEOUT_SUSPECT
BCodeMILNG_20260815071133929.bmp,333x345,0,80 111 63 87,0,95 280 105 286,,NG_TIMEOUT_SUSPECT
BCodeMILNG_20260815072221009.bmp,333x345,0,64 96 61 73,1,87,203,OK_MARGINAL
BCodeMILNG_20260815075108877.bmp,333x345,0,76 109 60 69,0,95 290 101 132,,NG_TIMEOUT_SUSPECT
BCodeMILNG_20260815082145628.bmp,333x345,0,69 101 69 94,1,195,163,OK
BCodeMILNG_20260815103820051.bmp,333x345,0,66 103 60 73,0,90 299 90 239,,NG_TIMEOUT_SUSPECT
BCodeMILNG_20260815111140911.bmp,333x345,0,66 108 64 86,0,103 293 138 301,,NG_TIMEOUT_SUSPECT
BCodeMILNG_20260815112935537.bmp,333x345,0,72 100 71 101,1,85,75,OK
BCodeMILNG_20260815113212608.bmp,333x345,0,73 106 69 98,1,99,10,OK
BCodeMILNG_20260815113234624.bmp,333x345,0,81 130 68 81,1,92,101,OK
BCodeMILNG_20260815124215430.bmp,333x345,0,84 112 69 89,0,93 300 93 260,,NG_TIMEOUT_SUSPECT
BCodeMILNG_20260815125911758.bmp,333x345,0,71 112 68 88,1,95,11,OK
BCodeMILNG_20260815130110821.bmp,333x345,0,75 119 64 83,0,92 269 97 127,,NG_TIMEOUT_SUSPECT
BCodeMILNG_20260815135444463.bmp,333x345,0,65 98 57 74,0,93 282 106 148,,NG_TIMEOUT_SUSPECT
BCodeMILNG_20260815143546284.bmp,333x345,0,67 95 64 83,0,207 292 129 300,,NG_TIMEOUT_SUSPECT
BCodeMILNG_20260815145522880.bmp,333x345,0,66 104 63 88,0,95 300 103 273,,NG_TIMEOUT_SUSPECT
BCodeMILNG_20260815145649633.bmp,333x345,0,73 143 76 85,1,91,12,OK
BCodeMILNG_20260815153049040.bmp,333x345,0,82 125 67 82,1,96,55,OK
BCodeMILNG_20260815155155662.bmp,333x345,0,70 98 61 78,1,182,96,OK
BCodeMILNG_20260815155156879.bmp,333x345,0,78 112 68 88,0,98 267 89 238,,NG_TIMEOUT_SUSPECT
BCodeMILNG_20260815155517362.bmp,333x345,0,75 113 67 85,1,101,10,OK
BCodeMILNG_20260815155558121.bmp,333x345,0,88 123 74 89,1,153 301 113,192,OK
BCodeMILNG_20260815161207370.bmp,333x345,0,75 118 65 84,0,176 277 95 248,,NG_TIMEOUT_SUSPECT
BCodeMILNG_20260815161619178.bmp,333x345,0,72 102 78 93,0,95 278 99 132,,NG_TIMEOUT_SUSPECT
BCodeMILNG_20260815170542014.bmp,333x345,0,77 113 71 92,1,96,246,OK_MARGINAL
BCodeMILNG_20260815171332349.bmp,333x345,0,84 155 71 97,1,96,260,OK_MARGINAL
BCodeMILNG_20260815182210633.bmp,333x345,0,84 120 69 92,0,92 133 100 138,,NG_NO_TIMEOUT
BCodeMILNG_20260815182349465.bmp,333x345,0,74 115 70 91,1,86 276 102,93,OK
BCodeMILNG_20260815183924035.bmp,333x345,0,74 111 62 79,0,99 301 91 235,,NG_TIMEOUT_SUSPECT
BCodeMILNG_20260815183925153.bmp,333x345,0,65 98 59 75,1,89,52,OK
BCodeMILNG_20260815184929128.bmp,333x345,0,74 113 63 90,0,99 301 106 144,,NG_TIMEOUT_SUSPECT
BCodeMILNG_20260815185545860.bmp,333x345,0,67 110 63 76,1,96,212,OK_MARGINAL
BCodeMILNG_20260815190458345.bmp,333x345,0,66 108 56 74,1,97,11,OK
BCodeMILNG_20260815190648079.bmp,333x345,0,64 94 64 89,1,90,113,OK
BCodeMILNG_20260815190855580.bmp,333x345,0,68 105 63 83,0,86 252 100 292,,NG_TIMEOUT_SUSPECT
BCodeMILNG_20260815191035526.bmp,333x345,0,67 100 61 81,0,141 294 102 278,,NG_TIMEOUT_SUSPECT
BCodeMILNG_20260815191144405.bmp,333x345,0,73 103 57 74,0,91 286 104 285,,NG_TIMEOUT_SUSPECT
BCodeMILNG_20260815195209998.bmp,333x345,0,72 104 67 76,1,94,9,OK
BCodeMILNG_20260815195358511.bmp,333x345,0,78 114 67 86,0,198 296 95 265,,NG_TIMEOUT_SUSPECT
BCodeMILNG_20260815195709158.bmp,333x345,0,72 100 55 73,1,89,90,OK
BCodeMILNG_20260815203102625.bmp,333x345,0,70 104 63 81,1,99,89,OK
BCodeMILNG_20260815220828143.bmp,333x345,0,64 101 58 75,0,93 257 92 134,,NG_TIMEOUT_SUSPECT
BCodeMILNG_20260815221123894.bmp,333x345,0,67 105 60 74,1,94,9,OK
BCodeMILNG_20260815221125386.bmp,333x345,0,70 104 73 114,1,97,7,OK
BCodeMILNG_20260815221212147.bmp,333x345,0,86 120 69 88,1,89 126 102,235,OK_MARGINAL
BCodeMILNG_20260815221403276.bmp,333x345,0,72 104 61 87,1,94,226,OK_MARGINAL
BCodeMILNG_20260815221514000.bmp,333x345,0,71 100 66 74,0,94 246 103 256,,NG_TIMEOUT_SUSPECT
BCodeMILNG_20260815221535726.bmp,333x345,0,69 103 61 76,0,91 136 101 134,,NG_NO_TIMEOUT
BCodeMILNG_20260815221558859.bmp,333x345,0,67 92 56 72,1,84,17,OK
BCodeMILNG_20260815221649048.bmp,333x345,0,64 95 61 77,0,93 301 107 299,,NG_TIMEOUT_SUSPECT
BCodeMILNG_20260815222318133.bmp,333x345,0,69 97 63 79,1,96,103,OK
BCodeMILNG_20260815222438015.bmp,333x345,0,66 113 60 83,1,86,37,OK
BCodeMILNG_20260815223042146.bmp,333x345,0,67 106 59 88,1,98 158 97,73,OK
BCodeMILNG_20260815223234478.bmp,333x345,0,72 106 60 74,0,88 259 93 237,,NG_TIMEOUT_SUSPECT
BCodeMILNG_20260815225031484.bmp,333x345,0,65 137 86 87,0,91 300 108 276,,NG_TIMEOUT_SUSPECT
BCodeMILNG_20260815235054997.bmp,333x345,0,97 119 86 106,1,99,176,OK
BCodeMILNG_20260816000613471.bmp,333x345,0,82 123 66 87,0,138 300 91 265,,NG_TIMEOUT_SUSPECT
BCodeMILNG_20260816001739976.bmp,333x345,0,65 98 62 83,1,92,148,OK
BCodeMILNG_20260816001803962.bmp,333x345,0,63 90 55 76,1,95,188,OK
BCodeMILNG_20260816002152722.bmp,333x345,0,84 117 67 82,1,92,12,OK
BCodeMILNG_20260816002843427.bmp,333x345,0,72 105 61 76,1,97,202,OK_MARGINAL
BCodeMILNG_20260816004218828.bmp,333x345,0,79 111 59 77,1,95,292,OK_MARGINAL
BCodeMILNG_20260816014730360.bmp,333x345,0,82 116 80 97,1,207,10,OK
BCodeMILNG_20260816014752236.bmp,333x345,0,86 140 78 103,0,110 301 112 301,,NG_TIMEOUT_SUSPECT
BCodeMILNG_20260816033845743.bmp,333x345,0,79 112 67 92,0,95 271 117 301,,NG_TIMEOUT_SUSPECT
BCodeMILNG_20260816033906925.bmp,333x345,0,85 115 61 79,0,101 277 96 265,,NG_TIMEOUT_SUSPECT
BCodeMILNG_20260816034136829.bmp,333x345,0,84 124 71 97,0,100 145 103 132,,NG_NO_TIMEOUT
BCodeMILNG_20260816034159877.bmp,333x345,0,77 117 66 87,1,95,265,OK_MARGINAL
BCodeMILNG_20260816034719691.bmp,333x345,0,82 120 64 80,1,101,9,OK
BCodeMILNG_20260816034949863.bmp,333x345,0,67 103 63 94,0,204 284 98 133,,NG_TIMEOUT_SUSPECT
BCodeMILNG_20260816035229579.bmp,333x345,0,71 110 61 86,1,96 301 97,240,OK_MARGINAL
BCodeMILNG_20260816035402373.bmp,333x345,0,60 79 58 70,0,100 300 113 300,,NG_TIMEOUT_SUSPECT
BCodeMILNG_20260816035848871.bmp,333x345,0,81 108 64 85,1,96,11,OK
BCodeMILNG_20260816040122352.bmp,333x345,0,76 114 67 80,0,109 298 106 138,,NG_TIMEOUT_SUSPECT
BCodeMILNG_20260816040207582.bmp,333x345,0,70 99 62 81,1,95,112,OK
BCodeMILNG_20260816040232503.bmp,333x345,0,74 94 62 75,0,89 246 104 126,,NG_TIMEOUT_SUSPECT
BCodeMILNG_20260816060751616.bmp,333x345,0,82 147 70 92,0,102 302 108 297,,NG_TIMEOUT_SUSPECT
BCodeMILNG_20260816061434703.bmp,333x345,0,82 117 66 90,1,240 301 105,191,OK
BCodeMILNG_20260816062928277.bmp,333x345,0,82 116 67 91,1,103,155,OK
BCodeMILNG_20260816081712247.bmp,333x345,0,82 111 68 86,0,282 285 108 286,,NG_TIMEOUT_SUSPECT
BCodeMILNG_20260816091029321.bmp,333x345,0,94 128 69 92,0,93 301 101 142,,NG_TIMEOUT_SUSPECT
BCodeMILNG_20260816092732765.bmp,333x345,0,70 99 58 75,1,102,100,OK
BCodeMILNG_20260816101129948.bmp,333x345,0,74 128 77 100,1,236 301 124,222,OK_MARGINAL
BCodeMILNG_20260816112135898.bmp,333x345,0,80 123 66 88,0,87 274 91 128,,NG_TIMEOUT_SUSPECT
BCodeMILNG_20260816112158268.bmp,333x345,0,83 118 74 98,0,95 137 103 278,,NG_TIMEOUT_SUSPECT
BCodeMILNG_20260816112419642.bmp,333x345,0,72 138 69 83,1,88,234,OK_MARGINAL
BCodeMILNG_20260816112538595.bmp,333x345,0,73 112 71 86,1,90 275 93,110,OK
BCodeMILNG_20260816112921376.bmp,333x345,0,72 108 70 83,0,84 125 86 114,,NG_NO_TIMEOUT
BCodeMILNG_20260816113507374.bmp,333x345,0,71 103 60 77,0,94 265 94 127,,NG_TIMEOUT_SUSPECT
BCodeMILNG_20260816121638577.bmp,333x345,0,93 115 65 86,0,93 283 117 160,,NG_TIMEOUT_SUSPECT
BCodeMILNG_20260816122517746.bmp,333x345,0,79 129 68 86,0,92 279 92 239,,NG_TIMEOUT_SUSPECT
BCodeMILNG_20260816135507217.bmp,333x345,0,80 124 73 99,1,92,50,OK
BCodeMILNG_20260816141744300.bmp,333x345,0,89 132 67 84,0,95 144 104 283,,NG_TIMEOUT_SUSPECT
BCodeMILNG_20260816142157674.bmp,333x345,0,81 119 76 96,1,93 295 106,48,OK
BCodeMILNG_20260816142622731.bmp,333x345,0,75 110 71 82,1,96,110,OK
BCodeMILNG_20260816143319986.bmp,333x345,0,89 116 68 87,0,97 270 98 254,,NG_TIMEOUT_SUSPECT
BCodeMILNG_20260816143457544.bmp,333x345,0,102 149 75 106,1,98,8,OK
BCodeMILNG_20260816152421893.bmp,333x345,0,78 119 75 98,1,94,11,OK
BCodeMILNG_20260816152446761.bmp,333x345,0,81 114 64 88,1,85,9,OK
BCodeMILNG_20260816153427976.bmp,333x345,0,99 152 80 95,0,97 275 102 301,,NG_TIMEOUT_SUSPECT
BCodeMILNG_20260816155042049.bmp,333x345,0,87 149 74 100,0,94 289 100 278,,NG_TIMEOUT_SUSPECT
BCodeMILNG_20260816155138569.bmp,333x345,0,78 101 69 81,1,91,79,OK
BCodeMILNG_20260816160932519.bmp,333x345,0,76 106 71 90,0,89 256 111 300,,NG_TIMEOUT_SUSPECT
BCodeMILNG_20260816162935235.bmp,333x345,0,70 99 62 81,0,89 258 87 121,,NG_TIMEOUT_SUSPECT
BCodeMILNG_20260816162936687.bmp,333x345,0,80 113 70 95,1,199,153,OK
BCodeMILNG_20260816163250694.bmp,333x345,0,69 92 63 76,0,90 128 137 259,,NG_TIMEOUT_SUSPECT
BCodeMILNG_20260816163512963.bmp,333x345,0,77 103 67 85,1,111 301 115,109,OK
BCodeMILNG_20260816164735216.bmp,333x345,0,76 115 60 93,1,95 301 122,127,OK
BCodeMILNG_20260816170043095.bmp,333x345,0,75 114 64 84,1,110,251,OK_MARGINAL
BCodeMILNG_20260816170430898.bmp,333x345,0,78 101 62 84,0,173 258 128 301,,NG_TIMEOUT_SUSPECT
BCodeMILNG_20260816175841558.bmp,333x345,0,78 126 69 98,1,221,123,OK
BCodeMILNG_20260816191746887.bmp,333x345,0,78 120 75 94,1,136,19,OK
BCodeMILNG_20260816191831136.bmp,333x345,0,84 129 74 98,0,154 301 128 301,,NG_TIMEOUT_SUSPECT
BCodeMILNG_20260816191832225.bmp,333x345,0,79 107 67 119,0,103 302 179 303,,NG_TIMEOUT_SUSPECT
BCodeMILNG_20260816191858910.bmp,333x345,0,93 136 93 115,0,197 300 146 300,,NG_TIMEOUT_SUSPECT
BCodeMILNG_20260816202929633.bmp,333x345,0,77 121 67 94,1,102,113,OK
BCodeMILNG_20260816203502143.bmp,333x345,0,76 124 91 93,1,96,213,OK_MARGINAL
BCodeMILNG_20260816204222266.bmp,333x345,0,85 142 75 96,1,101,98,OK
BCodeMILNG_20260816205208351.bmp,333x345,0,83 117 75 92,0,104 291 300 301,,NG_TIMEOUT_SUSPECT
BCodeMILNG_20260816210539432.bmp,333x345,0,93 139 76 94,0,108 300 114 149,,NG_TIMEOUT_SUSPECT
BCodeMILNG_20260816230031150.bmp,333x345,0,74 105 64 81,0,110 301 103 137,,NG_TIMEOUT_SUSPECT
BCodeMILNG_20260816230032013.bmp,333x345,0,80 112 66 81,1,104 159 115,60,OK
BCodeMILNG_20260816230149766.bmp,333x345,0,81 126 62 86,1,111,158,OK
BCodeMILNG_20260816231259350.bmp,333x345,0,74 110 67 85,0,110 300 111 281,,NG_TIMEOUT_SUSPECT
BCodeMILNG_20260816234344216.bmp,333x345,0,84 114 67 85,1,263 285 127,260,OK_MARGINAL
BCodeMILNG_20260816234626344.bmp,333x345,0,93 126 70 101,0,103 291 97 258,,NG_TIMEOUT_SUSPECT
BCodeMILNG_20260816235221244.bmp,333x345,0,95 139 68 92,1,103,152,OK
BCodeMILNG_20260817001511059.bmp,333x345,0,73 109 75 80,0,91 253 88 238,,NG_TIMEOUT_SUSPECT
BCodeMILNG_20260817001512131.bmp,333x345,0,75 124 64 87,1,92 301 99,72,OK
BCodeMILNG_20260817001532744.bmp,333x345,0,105 134 78 104,1,88,11,OK
BCodeMILNG_20260817002735444.bmp,333x345,0,84 132 79 98,1,101,154,OK
BCodeMILNG_20260817002803827.bmp,333x345,0,74 93 59 87,0,102 300 98 144,,NG_TIMEOUT_SUSPECT
BCodeMILNG_20260817011521747.bmp,333x345,0,90 127 84 94,1,89,142,OK
BCodeMILNG_20260817012011620.bmp,333x345,0,89 121 69 91,0,200 298 100 295,,NG_TIMEOUT_SUSPECT
BCodeMILNG_20260817013540488.bmp,333x345,0,83 142 68 91,1,99,182,OK
BCodeMILNG_20260817013750778.bmp,333x345,0,80 117 69 89,0,97 300 82 246,,NG_TIMEOUT_SUSPECT
BCodeMILNG_20260817014132558.bmp,333x345,0,73 102 63 83,0,101 141 91 119,,NG_NO_TIMEOUT
BCodeMILNG_20260817014237945.bmp,333x345,0,80 116 61 83,1,104,96,OK
BCodeMILNG_20260817014238849.bmp,333x345,0,74 118 68 88,1,97,91,OK
BCodeMILNG_20260817014305153.bmp,333x345,0,77 103 67 85,0,96 131 104 139,,NG_NO_TIMEOUT
BCodeMILNG_20260817014417010.bmp,333x345,0,74 115 64 81,1,100,13,OK
BCodeMILNG_20260817014417908.bmp,333x345,0,75 124 65 86,1,101,11,OK
BCodeMILNG_20260817014552615.bmp,333x345,0,81 125 69 95,1,89,36,OK
BCodeMILNG_20260817014648654.bmp,333x345,0,73 117 69 97,1,90,238,OK_MARGINAL
BCodeMILNG_20260817014650064.bmp,333x345,0,76 117 58 73,1,93,10,OK
BCodeMILNG_20260817014853807.bmp,333x345,0,67 107 61 76,1,85 255 85,61,OK
BCodeMILNG_20260817014855415.bmp,333x345,0,71 106 67 87,0,92 140 107 140,,NG_NO_TIMEOUT
BCodeMILNG_20260817021240846.bmp,333x345,0,77 107 68 96,1,98,11,OK
BCodeMILNG_20260817021406372.bmp,333x345,0,79 107 58 81,1,100,114,OK
BCodeMILNG_20260817025417391.bmp,333x345,0,75 110 60 81,0,108 301 174 286,,NG_TIMEOUT_SUSPECT
BCodeMILNG_20260817025434488.bmp,333x345,0,73 106 64 85,0,106 300 103 299,,NG_TIMEOUT_SUSPECT
BCodeMILNG_20260817025536067.bmp,333x345,0,74 102 88 97,0,102 300 117 301,,NG_TIMEOUT_SUSPECT
BCodeMILNG_20260817030345706.bmp,333x345,0,80 114 72 97,0,109 302 104 138,,NG_TIMEOUT_SUSPECT
BCodeMILNG_20260817031748780.bmp,333x345,0,82 117 71 90,0,106 301 127 301,,NG_TIMEOUT_SUSPECT
BCodeMILNG_20260817032615376.bmp,333x345,0,74 113 62 92,1,108 163 108,90,OK
BCodeMILNG_20260817032925785.bmp,333x345,0,74 103 65 82,0,103 301 110 300,,NG_TIMEOUT_SUSPECT
BCodeMILNG_20260817033205819.bmp,333x345,0,73 111 66 82,1,103 302 119,7,OK
BCodeMILNG_20260817043706181.bmp,333x345,0,83 113 64 82,1,106,13,OK
BCodeMILNG_20260817043816118.bmp,333x345,0,74 110 59 70,1,105,155,OK
BCodeMILNG_20260817044231872.bmp,333x345,0,71 125 87 109,0,98 140 103 125,,NG_NO_TIMEOUT
BCodeMILNG_20260817044518725.bmp,333x345,0,92 118 66 84,1,104,171,OK
BCodeMILNG_20260817064959975.bmp,333x345,0,71 106 65 85,1,101,184,OK
BCodeMILNG_20260817065123926.bmp,333x345,0,82 134 69 90,1,104,106,OK
BCodeMILNG_20260817074158930.bmp,333x345,0,68 88 63 79,0,101 301 98 136,,NG_TIMEOUT_SUSPECT
BCodeMILNG_20260817074230502.bmp,333x345,0,68 88 60 77,0,96 285 104 125,,NG_TIMEOUT_SUSPECT
BCodeMILNG_20260817074315536.bmp,333x345,0,68 95 57 71,0,101 302 103 286,,NG_TIMEOUT_SUSPECT
BCodeMILNG_20260817074809922.bmp,333x345,0,104 153 68 90,1,102,187,OK
BCodeMILNG_20260817074830312.bmp,333x345,0,87 113 68 85,0,94 138 104 132,,NG_NO_TIMEOUT
BCodeMILNG_20260817074955166.bmp,333x345,0,83 114 71 91,0,94 301 98 249,,NG_TIMEOUT_SUSPECT
BCodeMILNG_20260817074956243.bmp,333x345,0,75 109 61 77,1,197,219,OK_MARGINAL
BCodeMILNG_20260817081740862.bmp,333x345,0,80 103 66 82,1,119,185,OK
BCodeMILNG_20260817082319575.bmp,333x345,0,64 95 67 93,1,197,238,OK_MARGINAL
BCodeMILNG_20260817082733678.bmp,333x345,0,69 95 62 79,1,100,142,OK
BCodeMILNG_20260817082942574.bmp,333x345,0,73 105 63 85,0,97 300 118 300,,NG_TIMEOUT_SUSPECT
BCodeMILNG_20260817083052865.bmp,333x345,0,83 107 64 79,1,95,175,OK
BCodeMILNG_20260817083456892.bmp,333x345,0,69 101 58 71,0,84 252 96 125,,NG_TIMEOUT_SUSPECT
BCodeMILNG_20260817083801024.bmp,333x345,0,74 113 67 84,1,106,243,OK_MARGINAL
BCodeMILNG_20260817084643222.bmp,333x345,0,79 119 67 87,0,87 273 91 115,,NG_TIMEOUT_SUSPECT
BCodeMILNG_20260817092403758.bmp,333x345,0,70 111 63 81,1,93,274,OK_MARGINAL
BCodeMILNG_20260817092816733.bmp,333x345,0,77 118 63 86,1,106,183,OK
BCodeMILNG_20260817093144374.bmp,333x345,0,70 105 63 81,0,113 301 112 152,,NG_TIMEOUT_SUSPECT
BCodeMILNG_20260817094842963.bmp,333x345,0,76 109 66 87,1,113,123,OK
BCodeMILNG_20260817095616923.bmp,333x345,0,78 118 64 80,1,109,267,OK_MARGINAL
BCodeMILNG_20260817100708778.bmp,333x345,0,77 145 80 101,0,123 288 110 144,,NG_TIMEOUT_SUSPECT
BCodeMILNG_20260817100922426.bmp,333x345,0,89 128 79 90,0,120 302 92 280,,NG_TIMEOUT_SUSPECT
BCodeMILNG_20260817101024137.bmp,333x345,0,77 122 64 97,1,96 284 94,232,OK_MARGINAL
BCodeMILNG_20260817101043075.bmp,333x345,0,77 119 71 95,1,101 301 111,15,OK
BCodeMILNG_20260817101225377.bmp,333x345,0,77 112 66 85,1,93 290 103,153,OK
BCodeMILNG_20260817101403320.bmp,333x345,0,76 116 69 80,1,115 301 106,169,OK
BCodeMILNG_20260817101443905.bmp,333x345,0,73 110 67 90,0,91 270 107 287,,NG_TIMEOUT_SUSPECT
BCodeMILNG_20260817102125009.bmp,333x345,0,71 116 57 83,1,98 275 89,150,OK
BCodeMILNG_20260817102151048.bmp,333x345,0,73 112 62 88,1,104,257,OK_MARGINAL
BCodeMILNG_20260817103155665.bmp,333x345,0,89 116 59 77,0,96 148 90 119,,NG_NO_TIMEOUT
BCodeMILNG_20260817103421213.bmp,333x345,0,74 100 61 78,0,104 295 90 114,,NG_TIMEOUT_SUSPECT
BCodeMILNG_20260817103559706.bmp,333x345,0,74 112 63 82,1,106,10,OK
BCodeMILNG_20260817115533453.bmp,333x345,0,82 109 73 95,0,200 277 115 135,,NG_TIMEOUT_SUSPECT
BCodeMILNG_20260817120541323.bmp,333x345,0,61 93 63 82,0,97 302 110 300,,NG_TIMEOUT_SUSPECT
BCodeMILNG_20260817120627548.bmp,333x345,0,79 111 58 78,1,109,149,OK
BCodeMILNG_20260817120917194.bmp,333x345,0,78 121 70 90,0,95 300 100 279,,NG_TIMEOUT_SUSPECT
BCodeMILNG_20260817122129544.bmp,333x345,0,66 87 59 70,1,96,201,OK_MARGINAL
BCodeMILNG_20260817122908494.bmp,333x345,0,71 108 65 85,0,100 286 102 140,,NG_TIMEOUT_SUSPECT
BCodeMILNG_20260817122909646.bmp,333x345,0,68 100 63 80,0,94 139 100 132,,NG_NO_TIMEOUT
BCodeMILNG_20260817124456834.bmp,333x345,0,70 111 68 85,1,130,257,OK_MARGINAL
BCodeMILNG_20260817124616089.bmp,333x345,0,69 107 67 96,1,94 265 106,33,OK
BCodeMILNG_20260817124835855.bmp,333x345,0,66 104 61 82,1,90 302 98,267,OK_MARGINAL
BCodeMILNG_20260817125321675.bmp,333x345,0,72 112 65 83,1,90 273 89,117,OK
BCodeMILNG_20260817125853412.bmp,333x345,0,69 116 61 82,1,90,170,OK
BCodeMILNG_20260817135322696.bmp,333x345,0,68 100 64 85,0,106 301 118 301,,NG_TIMEOUT_SUSPECT
BCodeMILNG_20260817135451668.bmp,333x345,0,65 84 56 71,0,99 296 104 146,,NG_TIMEOUT_SUSPECT
BCodeMILNG_20260817135833765.bmp,333x345,0,69 98 66 92,0,172 301 110 143,,NG_TIMEOUT_SUSPECT
BCodeMILNG_20260817140205379.bmp,333x345,0,72 109 60 76,0,105 282 107 292,,NG_TIMEOUT_SUSPECT
BCodeMILNG_20260817140246539.bmp,333x345,0,70 111 59 77,0,98 283 101 276,,NG_TIMEOUT_SUSPECT
BCodeMILNG_20260817144327584.bmp,333x345,0,68 104 60 80,1,95,220,OK_MARGINAL
BCodeMILNG_20260817145101583.bmp,333x345,0,69 107 63 76,0,95 283 105 139,,NG_TIMEOUT_SUSPECT
BCodeMILNG_20260817145139778.bmp,333x345,0,71 121 57 93,1,89,73,OK
BCodeMILNG_20260817150553691.bmp,333x345,0,65 101 56 66,1,98,168,OK
BCodeMILNG_20260817151042530.bmp,333x345,0,65 106 65 94,0,99 301 100 280,,NG_TIMEOUT_SUSPECT
BCodeMILNG_20260817151236516.bmp,333x345,0,74 124 62 88,1,94 144 103,63,OK
BCodeMILNG_20260817151800564.bmp,333x345,0,59 131 81 90,0,95 300 104 300,,NG_TIMEOUT_SUSPECT
BCodeMILNG_20260817152056315.bmp,333x345,0,85 122 74 86,0,95 284 104 270,,NG_TIMEOUT_SUSPECT
BCodeMILNG_20260817152346805.bmp,333x345,0,78 111 68 86,0,100 301 108 300,,NG_TIMEOUT_SUSPECT
BCodeMILNG_20260817153607237.bmp,333x345,0,96 123 76 92,1,184,172,OK
BCodeMILNG_20260817154110868.bmp,333x345,0,80 129 67 85,1,112,12,OK
BCodeMILNG_20260817154132565.bmp,333x345,0,70 94 69 106,0,93 247 96 126,,NG_TIMEOUT_SUSPECT
BCodeMILNG_20260817154532485.bmp,333x345,0,82 119 66 94,0,100 155 94 145,,NG_NO_TIMEOUT
BCodeMILNG_20260817155305392.bmp,333x345,0,73 119 68 85,1,95,12,OK
BCodeMILNG_20260817155835277.bmp,333x345,0,73 107 71 95,1,85 251 94,223,OK_MARGINAL
BCodeMILNG_20260817162212156.bmp,333x345,0,72 104 76 90,0,90 254 122 302,,NG_TIMEOUT_SUSPECT
BCodeMILNG_20260817163412139.bmp,333x345,0,82 123 77 93,1,98,186,OK
BCodeMILNG_20260817170401745.bmp,333x345,0,92 130 60 79,1,100,9,OK
BCodeMILNG_20260817170536475.bmp,333x345,0,105 137 70 90,1,90,10,OK
BCodeMILNG_20260817171113103.bmp,333x345,0,78 119 69 90,1,104,69,OK
BCodeMILNG_20260817171132339.bmp,333x345,0,80 116 69 87,1,87,14,OK
BCodeMILNG_20260817171414437.bmp,333x345,0,72 108 60 89,1,91 279 101,167,OK
BCodeMILNG_20260817171435765.bmp,333x345,0,65 122 59 85,1,89,171,OK
BCodeMILNG_20260817171541446.bmp,333x345,0,79 123 68 90,0,101 296 112 165,,NG_TIMEOUT_SUSPECT
BCodeMILNG_20260817172246243.bmp,333x345,0,64 93 65 84,1,99,192,OK
BCodeMILNG_20260817172401193.bmp,333x345,0,69 100 62 84,1,98,63,OK
BCodeMILNG_20260817172842460.bmp,333x345,0,71 100 64 86,1,95,121,OK
BCodeMILNG_20260817172954333.bmp,333x345,0,80 124 67 80,1,106,114,OK
BCodeMILNG_20260817173206518.bmp,333x345,0,65 97 58 82,1,86 300 102,10,OK
BCodeMILNG_20260817174614040.bmp,333x345,0,76 103 65 85,0,99 297 105 300,,NG_TIMEOUT_SUSPECT
BCodeMILNG_20260817180700461.bmp,333x345,0,77 115 65 85,1,99,104,OK
BCodeMILNG_20260817182200397.bmp,333x345,0,90 117 71 84,0,95 142 92 129,,NG_NO_TIMEOUT
BCodeMILNG_20260817184023145.bmp,333x345,0,100 135 71 92,0,97 291 91 247,,NG_TIMEOUT_SUSPECT
BCodeMILNG_20260817184041561.bmp,333x345,0,76 106 72 82,0,92 301 100 274,,NG_TIMEOUT_SUSPECT
BCodeMILNG_20260817190212372.bmp,333x345,0,77 113 65 84,0,90 274 97 142,,NG_TIMEOUT_SUSPECT
BCodeMILNG_20260817190621823.bmp,333x345,0,73 115 66 82,1,91 300 102,66,OK
BCodeMILNG_20260817193014578.bmp,333x345,0,81 118 67 94,1,95,9,OK
BCodeMILNG_20260817193037943.bmp,333x345,0,82 120 73 101,1,97,111,OK
BCodeMILNG_20260817193552484.bmp,333x345,0,82 115 89 107,1,92,144,OK
BCodeMILNG_20260817193823785.bmp,333x345,0,75 126 73 99,0,104 301 105 153,,NG_TIMEOUT_SUSPECT
BCodeMILNG_20260817202545712.bmp,333x345,0,76 132 64 85,1,107,11,OK
BCodeMILNG_20260817214245159.bmp,333x345,0,83 120 73 92,0,92 262 91 237,,NG_TIMEOUT_SUSPECT
BCodeMILNG_20260817234112318.bmp,333x345,0,80 124 67 89,0,100 294 103 146,,NG_TIMEOUT_SUSPECT
BCodeMILNG_20260817234113448.bmp,333x345,0,74 111 66 79,0,190 290 117 301,,NG_TIMEOUT_SUSPECT
BCodeMILNG_20260817234243403.bmp,333x345,0,82 145 64 86,1,105,10,OK
BCodeMILNG_20260817234356357.bmp,333x345,0,69 105 63 80,0,145 301 160 301,,NG_TIMEOUT_SUSPECT
BCodeMILNG_20260818002812197.bmp,333x345,0,70 102 63 78,1,95,205,OK_MARGINAL
BCodeMILNG_20260818002916212.bmp,333x345,0,74 105 65 81,1,102,208,OK_MARGINAL
BCodeMILNG_20260818003412656.bmp,333x345,0,66 97 58 76,1,96 287 105,25,OK
BCodeMILNG_20260818003726315.bmp,333x345,0,76 121 60 74,1,95,10,OK
BCodeMILNG_20260818004316422.bmp,333x345,0,69 104 61 76,0,98 289 95 262,,NG_TIMEOUT_SUSPECT
BCodeMILNG_20260818004414535.bmp,333x345,0,71 99 60 81,1,95,84,OK
BCodeMILNG_20260818010830373.bmp,333x345,0,81 112 65 81,0,91 247 101 258,,NG_TIMEOUT_SUSPECT
BCodeMILNG_20260818012943636.bmp,333x345,0,74 97 62 81,1,94,203,OK_MARGINAL
BCodeMILNG_20260818013038314.bmp,333x345,0,79 150 69 90,1,91 288 91,80,OK
BCodeMILNG_20260818013143378.bmp,333x345,0,77 113 67 86,0,87 234 92 249,,NG_TIMEOUT_SUSPECT
BCodeMILNG_20260818013206806.bmp,333x345,0,76 111 69 93,0,97 298 90 121,,NG_TIMEOUT_SUSPECT
BCodeMILNG_20260818013223867.bmp,333x345,0,83 121 63 88,1,107,276,OK_MARGINAL
BCodeMILNG_20260818014951082.bmp,333x345,0,73 106 68 93,1,91,224,OK_MARGINAL
BCodeMILNG_20260818031052410.bmp,333x345,0,82 115 63 77,1,98,11,OK
BCodeMILNG_20260818031729723.bmp,333x345,0,69 92 57 67,0,97 261 100 263,,NG_TIMEOUT_SUSPECT
BCodeMILNG_20260818035730045.bmp,333x345,0,70 110 64 84,1,97,176,OK
BCodeMILNG_20260818041910427.bmp,333x345,0,72 104 72 98,0,96 301 100 301,,NG_TIMEOUT_SUSPECT
BCodeMILNG_20260818041911919.bmp,333x345,0,90 122 61 86,1,110 300 110,287,OK_MARGINAL
BCodeMILNG_20260818044850254.bmp,333x345,0,73 119 76 107,0,95 301 106 163,,NG_TIMEOUT_SUSPECT
BCodeMILNG_20260818050532709.bmp,333x345,0,84 140 79 105,1,107 300 102,198,OK
BCodeMILNG_20260818052852114.bmp,333x345,0,68 102 62 76,1,88,216,OK_MARGINAL
BCodeMILNG_20260818052932573.bmp,333x345,0,74 114 65 94,1,98,201,OK_MARGINAL
BCodeMILNG_20260818052933819.bmp,333x345,0,72 103 61 77,0,93 276 91 122,,NG_TIMEOUT_SUSPECT
BCodeMILNG_20260818053238062.bmp,333x345,0,77 108 75 84,0,93 257 95 118,,NG_TIMEOUT_SUSPECT
BCodeMILNG_20260818053721605.bmp,333x345,0,77 110 61 79,1,97 269 88,85,OK
BCodeMILNG_20260818053739591.bmp,333x345,0,72 105 62 82,0,98 261 99 134,,NG_TIMEOUT_SUSPECT
BCodeMILNG_20260818053940636.bmp,333x345,0,79 121 65 87,0,98 291 107 142,,NG_TIMEOUT_SUSPECT
BCodeMILNG_20260818054235324.bmp,333x345,0,71 101 60 81,0,93 136 100 135,,NG_NO_TIMEOUT
BCodeMILNG_20260818054316331.bmp,333x345,0,84 123 64 83,1,90 280 96,12,OK
BCodeMILNG_20260818054539110.bmp,333x345,0,60 87 62 73,1,88 273 99,128,OK
BCodeMILNG_20260818054640610.bmp,333x345,0,75 125 67 84,1,94,12,OK
BCodeMILNG_20260818054933949.bmp,333x345,0,78 114 67 86,0,90 244 94 251,,NG_TIMEOUT_SUSPECT
BCodeMILNG_20260818055801597.bmp,333x345,0,70 103 62 78,1,90,124,OK
BCodeMILNG_20260818060842582.bmp,333x345,0,70 108 72 95,1,192 268 115,23,OK
BCodeMILNG_20260818063542164.bmp,333x345,0,83 122 61 83,0,90 149 113 184,,NG_NO_TIMEOUT
BCodeMILNG_20260818064922833.bmp,333x345,0,85 138 64 81,1,86,17,OK
BCodeMILNG_20260818064924488.bmp,333x345,0,75 98 69 89,0,94 267 106 295,,NG_TIMEOUT_SUSPECT
BCodeMILNG_20260818065335506.bmp,333x345,0,75 110 88 113,1,92,115,OK
BCodeMILNG_20260818065358764.bmp,333x345,0,84 106 73 87,0,100 275 100 282,,NG_TIMEOUT_SUSPECT
BCodeMILNG_20260818065633472.bmp,333x345,0,80 124 71 87,1,93 270 100,206,OK_MARGINAL
BCodeMILNG_20260818070245005.bmp,333x345,0,73 160 70 97,1,87,9,OK
BCodeMILNG_20260818071536113.bmp,333x345,0,100 140 71 91,0,104 264 107 144,,NG_TIMEOUT_SUSPECT
BCodeMILNG_20260818071616553.bmp,333x345,0,83 122 68 84,1,100,120,OK
BCodeMILNG_20260818072013755.bmp,333x345,0,82 131 69 82,1,103,34,OK
BCodeMILNG_20260818072240099.bmp,333x345,0,74 120 66 87,0,140 281 143 300,,NG_TIMEOUT_SUSPECT
BCodeMILNG_20260818072725640.bmp,333x345,0,75 126 58 74,1,91 301 97,104,OK
BCodeMILNG_20260818072844304.bmp,333x345,0,73 121 65 85,1,90 277 91,222,OK_MARGINAL
BCodeMILNG_20260818072924916.bmp,333x345,0,80 130 60 84,1,93,181,OK
BCodeMILNG_20260818073735898.bmp,333x345,0,76 130 55 68,0,90 297 92 125,,NG_TIMEOUT_SUSPECT
BCodeMILNG_20260818083619896.bmp,333x345,0,71 105 60 79,0,93 267 96 273,,NG_TIMEOUT_SUSPECT
BCodeMILNG_20260818084759832.bmp,333x345,0,65 93 67 86,0,274 301 130 300,,NG_TIMEOUT_SUSPECT
BCodeMILNG_20260818090523144.bmp,333x345,0,86 123 74 100,0,104 301 97 134,,NG_TIMEOUT_SUSPECT
BCodeMILNG_20260818090830857.bmp,333x345,0,86 103 65 84,1,101 300 99,207,OK_MARGINAL
BCodeMILNG_20260818090832223.bmp,333x345,0,69 98 59 69,0,86 113 90 104,,NG_NO_TIMEOUT
BCodeMILNG_20260818090959413.bmp,333x345,0,76 116 64 82,0,97 143 100 134,,NG_NO_TIMEOUT
BCodeMILNG_20260818091335417.bmp,333x345,0,67 99 60 69,1,92,103,OK
BCodeMILNG_20260818091336314.bmp,333x345,0,68 98 59 73,1,101 260 101,151,OK
BCodeMILNG_20260818091518637.bmp,333x345,0,66 105 61 78,0,89 266 111 301,,NG_TIMEOUT_SUSPECT
BCodeMILNG_20260818091802474.bmp,333x345,0,69 93 67 80,0,92 282 88 119,,NG_TIMEOUT_SUSPECT
BCodeMILNG_20260818091856044.bmp,333x345,0,71 104 65 88,0,82 241 86 240,,NG_TIMEOUT_SUSPECT
BCodeMILNG_20260818091959708.bmp,333x345,0,67 103 59 76,1,92,57,OK
BCodeMILNG_20260818092425172.bmp,333x345,0,79 121 59 81,0,145 301 101 277,,NG_TIMEOUT_SUSPECT
BCodeMILNG_20260818092554406.bmp,333x345,0,64 98 64 82,0,90 262 94 249,,NG_TIMEOUT_SUSPECT
BCodeMILNG_20260818093316864.bmp,333x345,0,68 99 57 75,0,88 251 96 252,,NG_TIMEOUT_SUSPECT
BCodeMILNG_20260818093404367.bmp,333x345,0,73 115 61 85,0,89 272 96 132,,NG_TIMEOUT_SUSPECT
BCodeMILNG_20260818095010631.bmp,333x345,0,83 122 72 89,0,186 270 100 137,,NG_TIMEOUT_SUSPECT
BCodeMILNG_20260818095202661.bmp,333x345,0,89 134 77 97,1,105,196,OK
BCodeMILNG_20260818095221009.bmp,333x345,0,78 98 74 123,0,97 277 103 264,,NG_TIMEOUT_SUSPECT
BCodeMILNG_20260818100017514.bmp,333x345,0,102 148 68 104,0,87 253 95 291,,NG_TIMEOUT_SUSPECT
BCodeMILNG_20260818100018389.bmp,333x345,0,84 110 65 87,1,91 301 94,56,OK
BCodeMILNG_20260818100532076.bmp,333x345,0,79 134 77 104,0,95 302 102 144,,NG_TIMEOUT_SUSPECT
BCodeMILNG_20260818101638176.bmp,333x345,0,88 102 57 78,1,82,140,OK
BCodeMILNG_20260818102024308.bmp,333x345,0,75 103 63 76,1,88,187,OK
BCodeMILNG_20260818102108888.bmp,333x345,0,85 133 63 79,1,202,92,OK
BCodeMILNG_20260818102514779.bmp,333x345,0,72 105 62 81,1,98 300 84,78,OK
BCodeMILNG_20260818102516047.bmp,333x345,0,69 112 72 99,1,96,153,OK
BCodeMILNG_20260818102648622.bmp,333x345,0,77 114 63 81,0,157 300 98 275,,NG_TIMEOUT_SUSPECT
BCodeMILNG_20260818102748822.bmp,333x345,0,74 119 62 79,0,97 287 88 239,,NG_TIMEOUT_SUSPECT
BCodeMILNG_20260818102820868.bmp,333x345,0,76 112 59 77,0,96 272 90 130,,NG_TIMEOUT_SUSPECT
BCodeMILNG_20260818102914951.bmp,333x345,0,86 137 64 90,0,100 295 96 287,,NG_TIMEOUT_SUSPECT
BCodeMILNG_20260818102950313.bmp,333x345,0,68 115 64 87,0,89 136 93 118,,NG_NO_TIMEOUT
BCodeMILNG_20260818105913617.bmp,333x345,0,62 105 61 81,1,91,81,OK
BCodeMILNG_20260818110319321.bmp,333x345,0,66 105 59 85,1,93,20,OK
BCodeMILNG_20260818111229177.bmp,333x345,0,85 125 68 87,0,96 285 93 268,,NG_TIMEOUT_SUSPECT
BCodeMILNG_20260818111230440.bmp,333x345,0,84 121 73 107,0,143 302 102 300,,NG_TIMEOUT_SUSPECT
BCodeMILNG_20260818111500072.bmp,333x345,0,78 119 71 93,1,89,11,OK
BCodeMILNG_20260818113153339.bmp,333x345,0,88 134 66 82,1,96,271,OK_MARGINAL
BCodeMILNG_20260818113243929.bmp,333x345,0,70 105 60 90,0,97 301 97 271,,NG_TIMEOUT_SUSPECT
BCodeMILNG_20260818113329642.bmp,333x345,0,69 112 68 92,1,96,213,OK_MARGINAL
BCodeMILNG_20260818113354036.bmp,333x345,0,72 110 67 91,1,185,11,OK
BCodeMILNG_20260818114153473.bmp,333x345,0,72 112 55 66,1,93,136,OK
BCodeMILNG_20260818123334583.bmp,333x345,0,83 120 73 91,0,96 295 102 133,,NG_TIMEOUT_SUSPECT
BCodeMILNG_20260818123353364.bmp,333x345,0,77 129 67 90,0,90 257 102 136,,NG_TIMEOUT_SUSPECT
